name,description,instructions,ingredients,source
Vermicomposting Tomatoes,Tomat merupakan buah berwarna merah yang berkhasiat tinggi air dan unsur hara sehingga dapat meningkatkan kualitas tanah.,"[â€œAmbil peti kayu atau kotak plastik dan buat lubang di atasnya dan tutupi dengan kawat. Tempatkan di tempat yang teduh dengan gangguan minimal.â€, â€œSiapkan Worm Bin, Ambil peti kayu atau kotak plastik dan buat lubang di atasnya dan tutupi dengan kawat. Tempatkan di tempat yang teduh dengan gangguan minimal.â€, â€œSobek koran, kardus, dan kertas tisu dan sebarkan secara merata di tempat sampah. Kemudian basahi alasnya dan tutupi dengan lapisan tanah yang kuat untuk memberikan pasir bagi cacing.â€, â€œPotong tomat busuk dan campur dengan potongan kulit telur dan sisa makanan lainnya seperti kulit buah, kulit sayur, bubuk kopi, dan bahan non- sampah dapur yang berminyak.â€, â€œSetelah sekitar dua minggu, tambahkan segenggam cacing ke obat cacing Anda. Cacing tersebut bergerak menuju bahan makanan yang berair dan menguraikannya. Tutup kembali tempat sampah agar cacing dapat menyerang sisa makanan.â€, â€œKarena tomat mengandung cukup air, Anda harus berhati-hati dengan kadar air di tempat sampah. Tempat cacing tidak boleh terlalu kering atau terlalu basah.â€, â€œPupuk tomat Anda akan siap dalam waktu 2-3 bulan.â€, â€œKeringkan kompos selama 2-3 hari sebelum digunakan untuk tanaman, dan simpan di dalam kantong untuk menyuburkan taman Anda sepanjang musim.â€]","['rotten tomatoes', 'fresh tomatoes', 'wooden crate' , 'red wigglers']",https://springandsoil.com/compost-tomatoes/
Hotcomposting Tomatoes,Tomat merupakan buah berwarna merah yang berkhasiat tinggi air dan unsur hara sehingga dapat meningkatkan kualitas tanah.,"[â€œBuatlah tempat sampah kompos dari peti plastik atau kayu dengan cara melubanginya. Pastikan wadah tersebut memiliki penutup untuk menahan panas dan mencegah masuknya hewan ke dalam kompos. Tempatkan tempat sampah kompos di tempat yang mendapat banyak sinar matahari.â€, â€œSiapkan daun kering, jerami, serbuk gergaji, kertas dan sebarkan secara merata di dasar wadah. Bahan berwarna coklat berperan sebagai makanan bagi mikroba dan menyerap kelebihan air di tumpukan kompos.â€, â€œCampur irisan tomat dengan sayuran atau sisa makanan lainnya, tambahkan selapis di atas daun-daunan kering, dan basahi.â€, â€œIsi tempat sampah kompos dengan bergantian antara bahan seperti daunan kering, kertas, serbuk kayu dan bahan seperti tomat, dan sisa makanan lainnya, kemudian tutup dengan lapisan tanah yang kuat. Anda juga bisa menambahkan pupuk kandang untuk mempercepat prosesnya.â€, â€œBalikkan tumpukan kompos menggunakan garpu rumput untuk menghasilkan panas jika kompos menjadi dingin. Ini juga membantu meningkatkan suhu di tempat sampah.â€, â€œDalam waktu 3-4 bulan, kompos Anda akan siap dan Anda dapat menggunakannya di tanah kebun Anda.â€]","['rotten tomatoes', 'dry leaves', 'wood chips' , 'food scraps']",https://springandsoil.com/compost-tomatoes/
Baterai Alami,"Baterai alami dengan komposisi 10 % ampas kelapa dalam 90 % filtrat tomat berpotensi memiliki arus dengan rata-rata 2,1 mA pada beda potensial 1,46 V.","[â€œHaluskan 1 kg tomat busuk tanpa memberikan cairan dengan menggunakan blender selama 10 menit hingga halus. Saring jus tomat busuk dan ambil filtratnya. Selanjutnya filtrat tomat busuk diuji tingkat keasamannnya dengan menggunakan pH meter.â€, â€œKeringkan ampas kelapa di bawah terik matahari selama Â± 3 hari dan diperoleh ampas yang kering. Haluskan ampas kelapa yang sudah kering menggunakan blender hingga menjadi tepung dan diayak agar diperoleh tepung ampas kelapa yang homogen.â€, â€œ Tepung ampas kelapa dicampurkan ke dalam filtrat tomat busuk dengan variasi konsentrasi 0 %, 5 %, 10 %, 15 % dan 100 % ampas kelapa dalam 100 %, 95 %, 90 %, 85 % dan 0 % filtrat tomat busuk dalam wadah yang berbeda.â€, â€œ Pelapis tabung pada baterai AA dilepas menggunakan cutter kemudian dibuka bagian penutupnya. Menarik katoda secara perlahan lalu mengeluarkan isi baterai hingga tabung seng (anoda) baterai tidak mengandung elektrolit. Selanjutnya baterai tersebut diisi dengan variasi komposisi elektrolit, memasukkan katoda dari baterai AA dan menutup kembali baterai dengan penutup baterai AA hingga rapat.â€]","[â€˜blenderâ€™, â€˜sieveâ€™, â€˜strainerâ€™, â€˜pH meterâ€™, â€˜digital scaleâ€™, â€˜measuring cupâ€™, â€˜backer glassâ€™, â€˜cutterâ€™, â€˜used AA batteriesâ€™, â€˜rotten tomatoesâ€™, â€˜coconut dregsâ€™]",https://fisika.fmipa.unesa.ac.id/proceedings/index.php/snf/article/download/181/172/518
Composting Apples,Membuat kompos dari apel busuk adalah cara yang baik untuk memanfaatkan sisa-sisa organik dan menghasilkan pupuk alami yang berguna untuk tanah.,"[â€œPertama-tama potong apel busuk menjadi potongan-potongan kecil agar apel lebih cepat terurai.â€, â€œSiapkan bahan-bahan untuk lapisan hijau seperti sisa-sisa sayuran yang sudah dipotongâ€, â€œSiapkan lapisan daun-daun kering, sekam jagung, jarum pinus, serbuk gergaji, parutan koran, jerami atau kulit kacang.â€, â€œLalu letakkan apel  yang sudah dipotong menjadi bagian kecil-kecil dan lapisan bahan hijau di atas lapisan daunan keringâ€, â€œSecara teratur, campur tumpukan kompos untuk memastikan bahan-bahan tercampur dengan baik. Siram dengan air jika perlu, tetapi hindari membuat tumpukan terlalu basah.â€, â€œTutupi lapisan bahan hijau dengan lapisan bahan coklat seperti daun kering atau serbuk gergaji kayu. Ini membantu menyeimbangkan rasio karbon dan nitrogen.â€, â€œKompos biasanya memerlukan beberapa bulan untuk matang sepenuhnya. Setelah bahan-bahan terurai dengan baik, Anda dapat menggunakannya sebagai pupuk organik untuk tanaman Anda.â€]","['rotten apples', 'rotten cucumber', 'vegetables', 'fresh cucumber']",https://www.weekand.com/home-garden/article/compost-apples-18010370.php
Nata de Apple,Buah apel lewat matang dapat dimanfaatkan sebagai substrat pembuatan nata de apel.,"[â€œBersihkan dan potong-potong kecil buah apel yang sudah lewat matang, dan buat juice menggunakan blender dengan perbandingan buah apel dan air 1:1â€, â€œPisahkan cairan buah apel (sari apel) dari substratnya dilakukan penyaringan menggunakan kainâ€, â€œSari apel yang didapat diukur pHnya. Jika pH lebih dari 4, maka ditambahkan larutan asam asetat agar terjadi penurunan pH sampai mecapai pH 3.â€, â€œSetelah pH medium 3, dilakukan pengenceran sehingga didapatkan konsentrasi 50% (sari apel A), 25% (sari apel B), 12,5% (sari apel C).â€, â€œSebanyak 100 ml sari apel dimasukkan ke dalam botol kaca steril dengan diameter 5 cm dan tinggi 11 cm (350ml), ditutup dengan penutup.â€, â€œSterilisasi botol kaca dilakukan dengan menuangkan air mendidih ke dalam botol dan didiamkan selama 10 â€“ 15 menit.â€, â€œLakukan Inokulasi strater bakteri Gluconobacter xylinus setelah semua botol terisi dengan masing â€“ masing sari apel.â€, â€œMedium yang sudah diinokulasi diinkubasi pada suhu ruangan (20 â€“ 25ÂºC) selama masa tumbuh (15 â€“ 25 hari).â€, â€œKemudian secara perlahan dan seiring berjalannya waktu, lapisan nata akan terbentukâ€]","[â€˜fresh applesâ€™, â€˜starter bacteria Gluconobacter xylinusâ€™, â€˜universal pH indicatorâ€™, â€˜acetic acidâ€™]",https://media.neliti.com/media/publications/176330-ID-nata-de-apel-solusi-alternatif-pemanfaat.pdf
Cairan Nutrisi Tanaman dari Pisang,"Pisang busuk mengandung berbagai nutrisi penting yang sangat dibutuhkan oleh tanaman. Ada kalium, fosfor, kalsium, dan magnesium yang dapat membuat tanaman jadi lebih kuat dan subur.","[â€œPotong pisang-pisang busuk menjadi bagian kecil agar lebih mudah diolah.â€, â€œLetakkan potongan-potongan pisang ke dalam wadah besar.â€, â€œCampurkan pisang busuk dengan air bersih, lalu biarkan beberapa hari sampai pisang hancur dan berfermentasi.â€, â€œSetelah beberapa hari, saring cairan agar terpisah dengan pisang.â€, â€œSekarang cairan ajaib ini dapat digunakan sebagai pupuk organik.â€, â€Siram tanaman anda dengan cairan ini secara teratur, kemudian lihat bagaimana tanaman anda akan tumbuh subur dan berbuah lebatâ€]","['rotten bananas', 'fresh water']",https://radarlebong.disway.id/read/657910/punya-pisang-busuk-jangan-dibuang-bisa-diolah-jadi-cairan-ajaib-bikin-tanaman-kamu-berbuah-lebat/15
Cairan Insektisida dari Jeruk,"Jeruk sendiri sudah dikenal masyarakat sebagai limbah yang dapat mengusir nyamuk, dalam kulit jeruk terkandung zat limonene yang sangat tidak disukai oleh nyamuk dan berbagai macam hewan serangga lainnya.","[â€œKumpulkan kulit jeruk dari jeruk segar atau pun jeruk busuk, kemudian potong kecil-kecil.â€, â€œSetelah itu rebus kulit jeruk selama beberapa menit, kemudian disaring.â€, â€œMasukkan ke dalam botol semprot dan cairan pengusir serangga dari kulit jeruk siap untuk digunakan.â€]","[â€˜rotten orangesâ€™, â€˜fresh orangeâ€™, â€˜waterâ€™, â€˜spray bottleâ€™]",https://www.cnnindonesia.com/gaya-hidup/20231016090545-284-1011697/cara-mengusir-nyamuk-secara-alami-tanpa-obat-bisa-pakai-kulit-jeruk
Kulit Jeruk Bakar,"Jeruk sendiri sudah dikenal masyarakat sebagai limbah yang dapat mengusir nyamuk, dalam kulit jeruk terkandung zat limonene yang sangat tidak disukai oleh nyamuk dan berbagai macam hewan serangga lainnya.","[â€œKumpulkan kulit jeruk dari jeruk segar atau pun jeruk busuk.â€, â€Siapkan wadah, kemudian bakar kulit jeruk dengan api.â€, â€œAsap yang dikeluarkan dari proses pembakaran akan membantu mengusir seranggaâ€]","[â€˜rotten orangesâ€™, â€˜fresh orangeâ€™, â€˜fireâ€™]",https://www.cnnindonesia.com/gaya-hidup/20231016090545-284-1011697/cara-mengusir-nyamuk-secara-alami-tanpa-obat-bisa-pakai-kulit-jeruk
Pupuk Cair dari Timun,Kulit mentimun mengandung kalium dan magnesium sulfat yang ampuh untuk membentuk klorofil dan nutrisi pada tanaman,"[â€œhaluskan kulit mentimun yang sudah disiapkan bersama 100 mililiter air menggunakan blenderâ€, â€œsaring kulit mentimun yang sudah dihaluskan, lalu pisahkan antara ampas dan cairan kulit mentimun di wadah yang berbeda.â€, â€œampas kulit mentimun dapat dimanfaatkan langsung menjadi pupuk organikâ€, â€œMasukkan 100 gram kulit bawang merah ke air kulit mentimun yang telah disaring. Lalu, campurkan juga gula merah cair sebanyak 10 mililiter.â€, â€œSetelah itu, tambahkan sisa air yang sebelumnya telah digunakan sebanyak 500 mililiter, kemudian aduk semua bahan hingga tercampur rata. Berikutnya, tambahkan lima mililiter atau satu tutup botol EM4 dan aduk kembali hingga merata.â€, â€œApabila semua sudah bahan tercampur dengan baik, masukkan ke dalam wadah tertutup untuk proses fermentasi selama 14-21 hari sebelum digunakan pada tanaman.â€, â€œSetelah 21 hari atau proses fermentasi selesai, selanjutnya saring pupuk dan isap digunakan sebagai pupuk cair organik tanaman yang ampuh dalam menyuburkan dan menyehatkan tanaman kesayanganmu.â€","[â€˜rotten cucumbersâ€™, â€˜fresh cucumbersâ€™, â€˜red onionâ€™, â€˜waterâ€™, â€˜5 ml EM4 berwarna kuningâ€™]",https://www.kompas.com/homey/read/2021/07/21/190700276/jangan-dibuang-ini-cara-membuat-pupuk-organik-dari-kulit-mentimun#google_vignette
Pakan Hewan Ternak dari Kulit Pisang,"Kulit pisang memiliki kandungan vitamin A tinggi, terutama provitamin A, yaitu beta-karoten, sebanyak 45 mg/100 g berat kering.","[â€Giling lembah kulit pisang hingga halus.â€, â€Jemur dibawah terik matahari, selama 1 atau 2 hari.â€, â€simpan selama 4 ( empat ) hari untuk proses fermentasi berlangsung, boleh dibolak balik.â€, â€ Semprotkan secara merata probiotik dengan takaran 0.5 cc, dicampur dengan 10 cc air untuk 1 Kg bahan baku kulit pisang.â€, â€ Kumpulkan kulit pisang pada tempat yang khusus, yang tidak terkena hujan dan sinar matahari.â€, â€Pakan hewan ternak dari kulit pisang sudah bisa diberikan ke ternak peliharaan andaâ€]","[â€˜banana peelsâ€™, â€˜Probiotik EM4â€™, â€˜Waterâ€™]",https://sumbarprov.go.id/home/news/9053-kulit-pisang-sebagai-pakan-ternak.html
Pupuk Organik Kulit Pisang,"Kulit pisang memiliki banyak kandungan seperti magnesium, sodium, fosfor, dan sulfur yang dapat dimanfaatkan sebagai pupuk organik.","[â€œhaluskan kulit pisang dengan cara diblender, atau bisa dengan cara mencincang kulit pisang tersebut hingga menjadi potongan kecil-kecil.â€, â€œmasukkan gula pasir kedalam botol plastik dengan perbandingan gula pasirâ€, â€œkulit pisang yang telah dihaluskan, kemudian dimasukkan ke dalam botol bekas yang telah berisi larutan gula pasir.â€, â€œtambahkan air bersih kedalam botol hingga batas leher botol.â€, â€œbotol dapat ditutup dengan rapat dan didiamkan selama lebih dari 7-10 hari.â€, â€œbuka tutup botol setiap hari agar gas yang terkandung dalam botol dapat keluar.â€, â€œPupuk siap digunakan pada tanaman setelah didiamkan lebih dari 7 hari.â€]","[â€˜Banana peelsâ€™, â€˜Sugarâ€™]",https://jpu.ubl.ac.id/index.php/jpu/article/download/20/20
Eco Enzyme,"Eco enzyme dapat berguna sebagai bahan untuk cairan pembersih rumah serbaguna, mulai dari membersihkan furnitur, piring, pakaian, hingga penyegar udara alami.","[â€œmasukkan semua limbah sayuran atau buah, gula, dan air ke dalam wadah. Gunakan perbandingan 10:3:1, yakni 10 untuk air, 3 untuk limbah buah atau sayur, dan 1 untuk gula.â€, â€œAduk semua bahan, lalu tutup rapat dan dan biarkan selama 3 bulan.â€, â€œLetakkan pada tempat dengan sirkulasi udara yang baik dan tidak terkena sinar matahari langsung.â€, â€œBuka tutup wadah pada minggu pertama untuk mengeluarkan gas di dalamnya dan mencegah wadah meledak.â€, â€œKemudian, aduk setiap hari ke-7, hari ke-30, dan hari ke-90.â€, â€œSetelah 3 bulan, eco enzyme bisa dipanen dan dapat digunakan.â€]","[â€˜banana peelsâ€™, â€˜orange peelsâ€™, â€˜sugarâ€™, â€˜fresh orangeâ€™, â€˜fresh applesâ€™, â€˜fresh bananasâ€™, â€˜fresh cucumbersâ€™, â€˜fresh potatoesâ€™, â€˜fresh tomatoesâ€™]",https://www.cnnindonesia.com/gaya-hidup/20220930154324-289-854798/cara-membuat-eco-enzyme-cairan-serbaguna-beragam-manfaat
Kompos dari Kulit Telur,kandungan kalsium pada cangkang telur cukup tinggi dan dapat bermanfaat sebagai sumber nutrisi pada tanaman. Cangkang telur juga memiliki kandungan fosfor yang cukup yang dapat bermanfaat pula untuk tanaman.,"[â€œBersihkan cangkang telur yang akan dibuat pupuk.â€, â€œSterilkan cangkang telur dengan memasukkan ke dalam air panas.â€, â€œKeringkan cangkang telur dengan cara dijemur.â€, â€œTumbuk cangkang telur hingga menjadi serpihan halus.â€, â€œCampurkan cangkang telur dengan air ke dalam botol bekas.â€, â€œTambahkan gula jawa dan EM4 dengan perbandingan 1:1 ke dalam botol.â€, â€œTutup botol bekas dan campurkan pupuk dengan cara mengocok botol.â€, â€œDiamkan selama 10-14 hari untuk memaksimalkan proses fermentasi.â€, â€œBila perlu, sesekali buka tutup botol bekas supaya gas yang ditimbulkan selama proses fermentasi dapat keluar.â€]","[â€˜egg shellsâ€™, â€˜brown sugarâ€™, â€˜waterâ€™, â€˜Probiotik EM4â€™]",https://pertanian.ngawikab.go.id/2023/05/15/sering-dikira-limbah-tidak-berguna-ini-manfaat-cangkang-telur-bagi-tanaman/
Bubuk Cangkang Telur,Konsumsi bubuk cangkang telur bersama vitamin D3 dan magnesium dapat memperkuat dan meningkatkan kepadatan tulang.,"[â€œMasukkan kulit telur ke dalam panci berisi air. Kemudian, rebus selama sekitar 15 menit. Ini akan mensterilkan kulit telur dan membuatnya aman untuk dimakan.â€, â€Keringkan cangkang telur yang sudah di rebus.â€, â€ Selanjutnya, hancurkan cangkang telur dengan blender atau ditumbuk sampai benar-benar halus.â€,  â€Setelah itu, tambahkan bubuk cangkang telur ke makanan atau minuman yang akan dikonsumsi.â€, â€ Bubuk cangkang telur dapat ditambahkan air atau jus. Makanan terbaik untuk ditambahkan bubuk tersebut adalah roti, spageti, pizza, dan daging goreng.â€]","['egg shells' , 'water']",https://www.realsimple.com/can-you-eat-eggshells-7964902
Masker Wajah dari Kulit Telur,"Cangkang telur bisa bermanfaat untuk, membantu mengecilkan pori-pori, membuat kulit bercahaya, mencegah tanda-tanda penuaan, melembabkan kulit kering, mengobati iritasi kulit, membersihkan wajah secara menyeluruh, dan mencerahkan wajah","[â€Cuci bersih kulit telur dengan air.â€, â€œMasukkan kulit telur ke dalam loyang, kemudian panggang dengan suhu 200 F selama 10-15 menit.â€, â€œTumbuk kulit telur hingga halus.â€, â€œMasukkan tepung terigu secukupnya ke dalam mangkuk kecil.â€, â€œTambahkan madu, dan saring kulit telur yang sudah ditumbuk, masukkan ke dalam mangkuk.â€, â€œAduh hingga semua bahan tercampur, dan masker siap dipakaiâ€]","[â€™egg shellsâ€™, â€™honeyâ€™, â€™flourâ€™]",https://inovasi.sragenkab.go.id/krenova/inovasi/mas-catur
Pencegahan tanaman busuk,"Cangkang telur juga dapat dimanfaatkan untuk mencegah pembusukan pada ujung bunga dari tanaman tomat, paprika, dan terong.","[â€œCuci bersih dan keringkan cangkang telur.â€, â€œHancurkan hingga halus, dan masukkan ke lubang tanah sebelum anda menanam tanaman.â€, â€œSetelah itu, letakkan cangkang telur ke sekitar pangkal tanaman setiap dua minggu sekali.â€, â€œKandungan kalsium yang terdapat dalam cangkang telur yang dapat diserap oleh tanaman dan membuatnya tidak mudah busuk.â€]",['egg shells'],https://www.cnnindonesia.com/gaya-hidup/20221006111121-282-857030/7-manfaat-cangkang-telur-untuk-tanaman-bisa-mengusir-hama
Pisang matang susu coklat,,"[""Pisang di haluskan sampai tidak mengumpal, tambahkan semua bahan campur rata."", ""Siapkan cetakan olesi mentega masukan adonan lalu panggang api kecil / kukus juga boleh sesuai selera.""]","['8 bh pisang matang'. '1 sachet dancow coklat', '6 sdm tepung terigu', '2 sdm tepung maizena', '1 sdm gula pasir (diskip boleh krn pisang sudah manis', '1/2 sdt baking powder']",https://cookpad.com/id/resep/16830649-pisang-matang-susu-coklat
Ngolah pisang mateng ğŸ˜…,,"[""Siapkan bahan yg dibutuhkan, lalu pertama lumatkan pisang pake garpu, sisihkan."", ""Larutkan gula pasir kedalam air, lalu campurkan dg lumatan pisang."", ""Siapkan wadah lbh besar u/ menguleni. Masukkan tepung ke dlm wadah bersama soda kue & baking soda jg vanili, lalu tambahkan (air gula+lumatan pisang) kedalamnya aduk hingga rata. Sembari panaskan dandang."", ""Kemudian tambahkan minyak lalu aduk lg hingga rata. Jika sudah masukkan adonan kedalam cetakan yg sudah dioles minyak tipis2. Setelah dandang panas adonan siap dikukus kurleb 25-30menit dg api sedang. Stelah matang, olahan pisang ambon matang siap dihidangkan.. Selamat mencoba""]","['2 buah Pisang Ambon yg Matang', '8 sdm Gula Pasir', '100 ml Air', '10 sdm Tepung Terigu', '1/2 sdm Baking Powder', '1/2 sdm Soda Kue', '1 sdt Vanili', '6 sdm Minyak Goreng']",https://cookpad.com/id/resep/16675051-ngolah-pisang-mateng
Olahan Pisang Terlalu Matang Simple,,"[""Kukus pisang kematengan"", ""Kupas lalu benyekin dan tambah tepung terigu secukupnya sampe bisa dibentuk sesuai selera"", ""Siapkan tepung panir dan adonan basah (tepung terigu + air), dan keju coklat opsional buat isian"", ""Bentukan pisang di tambahkan coklat dan keju di celupkan ke biang tepung atau adonan basah lalu di gulingkan ke tepung panir', ""Goreng pakai api sedang sampai golden brown"", ""Siap dinikmati""]","['Pisang', 'Tepung terigu', 'Tepung roti', 'Keju dan Coklat (Opsional)']",https://cookpad.com/id/resep/16522316-olahan-pisang-terlalu-matang-simple
Smoothies TimNas MatAng (Timun Nanas Tomat Pisang),,"[""Buat overnight oatmeal dari oatmeal instant n susu cair malam sebelumnya dan simpan di kulkas. (Bisa skip langkah ini jika tdk suka, jd susu lsg diblender dgn bahan lainnya)"", ""Timun dibuang kulitnya. Tomat direbus sebentar lalu buang kulitnya."", ""Masukkan semua bahan ke dlm Blender."", ""Blender smp halus. Tuang di gelas n tambahkan topping."", ""Smoothies sehat siap diminum. Karena ada Timun n Tomat smoothies ini wajib segera dihabiskan klo tidak akan terasa ada pahit pahitnya.""]","['50 gram Instant Oatmeal (Bisa skip jika tdk suka)','200 ml Susu Cair','1 bh Pisang Beku','200 gram Nanas Beku', '2 bh Tomat ukuran agak kecil', '2 bh Timun ukuran kecil', '2 bh Yakult', '60 ml Yogurt']",https://cookpad.com/id/resep/15973667-3-smoothies-timnas-matang-timun-nanas-tomat-pisang
Kue Pisang Kukus Memanfaatkan Pisang Matang,,"[""Masukkan semua bahan kecuali keju, aduk sampai rata"", ""Oleskan wadah dengan minyak dan tuangkan adonan ke wadah, beri toping keju"", ""Kukus sampai matang""]","['3 buah pisang matang, haluskan', '6 sdm terigu', '1 sdm susu bubuk', '2 adm gula pasir (tambahkan jika ingin lebih manis)', 'secukupnya Garam', 'secukupnya Pewarna hijau', '1 sdm minyak goreng', '1 sdt baking powder','1 buah telur', 'Keju secukupnya, potong-potong untuk toping']",https://cookpad.com/id/resep/15699186-kue-pisang-kukus-memanfaatkan-pisang-matang
Pisang matang kukus simple,,"[""Haluskan pisang dan ambil biji2nya,masukan bahan2 lainnya sambil diaduk2 rata.Bubuk coklat yg saya pakai enak gak pait dan warnanya nyoklat banget."", ""Sambil mengadon,panaskan kukusan magic com.Pindahkan adonan di loyang sambil dihentak2an agar udara keluar."", ""Setelah kukusan keluar uap masukkan loyang,kukus sekitar 30 menit atau hingga tidak lengket lagi."", ""Angkat dan keluarkan loyang,diamkan hingga dingin"", ""Potong2 dan sajikan bersama minuman hangat""]","['8 buah pisang matang', '4 sdm terigu', '2 sdm bubuk kedelai', '2 sdm gula halus', '2 sdm bubuk coklat', 'Sejumput garam', '1/2 sdt baking powder']",https://cookpad.com/id/resep/14633194-pisang-matang-kukus-simple
Godok2 pisang(pisang kelewat matang),,"[""Haluskan pisang sampai bener2 hancur"", ""Tambahan gula pasir, garam dan tepung, aduk hingga rata"", ""Goreng di minyak panas api kecil,,(sering dilihat supaya tidak gosong)"", ""Angkat dan Hidangkan, bisa dinikmati dengan teh hangat""]","['7 buah pisang matang', '6 sdm tepung terigu', '1 sdm tepung beras','2 sdm gula pasir','1/2 sdt garam', 'Secukupnya minyak untuk menggoreng']",https://cookpad.com/id/resep/13134666-godok2-pisangpisang-kelewat-matang
Pisang goreng tepung aroma (pisang yang sudah terlalu matang),,"[""Potong dadu kecil pisang. Apabila sudah terlali matang hancurkan pisang."", ""Taruh tepung di wadah kemudian campurkan air, garam, gula, telur, morison/vanili srcukupnya sampai berbau harum."", ""Campurkan pisang dengan adonan tepung yang sudah di campur air dan bahan lain."", ""Panaskan minyak goreng di wajan (pastikan posisi pisang nanti bisa tenggelam dalam minyak seluruhnya)"", ""Jangan terlalu tebal ataupun terlalu tipis dalam menggorengnya."", ""Goreng hingga warna kecoklatan. Apabila agak terlihat seperti gosong itu karena posisi pisang sudah terlalu matang. Tidak apa-apa. Sering di bolak balik.""]","['Air (secukupnya)', 'Pisang', '5 sdm tepung beras', '1 sdm tepung tapioka', '1 butir telur', 'Garam', 'Gula', 'Morison (perasa+pewarna makanan) / vanili cair']",https://cookpad.com/id/resep/12995871-pisang-goreng-tepung-aroma-pisang-yang-sudah-terlalu-matang
Olahan pisang matang,,"[""Olesi teflon tipis2 dgn margarin, lalu taburin gula pasir."", ""Potong2 pisang bentuk bulat2, dan tata d atas teflon yang sudah diberi gula tadi."", ""Masukan gula, garam dan telur, lalu kocok dgn whisk smpai gula larut dan berubah menjadi putih berbusa"", ""Masukan terigu sedikit2 sampai rata, masukan vanilla, minyak, dan baking powder (disaring). Aduk hingga rata."", ""Tuang di atas teflon yg sudah ditata pisang. Panggang d atas teflon dgn api kecil dan di tutup ya panggang nya. Selama 20 menit"", ""Tusuk dgn garpu utk tes kematangan nya, balik adonan panggang lg selama 3 menit."", ""Potong2 dan siap d sajikan""]","['2-3 buah pisang', '2 sdm gula pasir', 'secukupnya Margarin/mentega', '1 btr telur', 'Sejumput garam', '4 sdm gula pasir', '15 sdm terigu', '6 sdm minyak', '1 sdt baking powder', '1 sdt vanilla', '150 ml uht']",https://cookpad.com/id/resep/12864759-olahan-pisang-matang
Pisang bakar penyet simple (Solusi olahan pisang terlalu matang),,"[""Kupas pisang dan penyet2 agar pipih jangan sampai hancur"", ""Siapkan teflon lalu lelehkan mentega. Masukkan pisang dan panggang hingga coklat atau sesuai selera kalo suka yg gosong banget juga boleh "",""Tata dipiring lalu taburi seres atau keju dan siram dengan SKM secukupnya. Selamat menikmati buat cemilan atau sarapan mantul bgt ini.""]","['4 buah pisang kepok matang/kematengan', 'Secukupnya mentega', 'Secukupnya seres/keju', 'Secukupnya SKM']",https://cookpad.com/id/resep/9279832-pisang-bakar-penyet-simple-solusi-olahan-pisang-terlalu-matang
Pisang pangang (pisang raja mateng banget)teflon,,"[""Kupas pisang raja.pangang dengan api kecil, sebelum pangang olesi margarin ya. Pangang balik balik."", ""Sudah mulai coklatâ€ angakat lalau taro dpiring saji. Taburi topping glanze saya rasa tiramisu, dgn topping kacang""]","['4 buah pisang raja', '1-3 sendok Margarin', 'Glanze topping']",https://cookpad.com/id/resep/4917170-pisang-pangang-pisang-raja-mateng-bangetteflon
Pisang Goreng ala Kopi Klotok,,"[""Kupas lalu iris pisang bentuk kipas. Campur semua bahan dalam mangkok (kecuali minyak goreng dan air) adukÂ² hingga menyatu."", ""Tambahkan air, aduk hingga menjadi adonan, kekentalan di sesuaikan. Setelah itu masukkan pisang, balut rata dengan adonan."", ""Panaskan minyak goreng lalu goreng pisang hingga kecoklatan, angkat dan sajikan hangat dengan teh/kopi ']","['8 buah pisang kepok', '4 sdm tepung terigu', '2 sdm tepung beras', '1 sdm tepung maizena', '1 butir telur', '1 sdm margarin', '3 sdm gula pasir (secukupnya)', '1/2 sdt baking powder', '1/2 sdt garam', 'Secukupnya air', 'Secukupnya minyak goreng']",https://cookpad.com/id/resep/17185091-pisang-goreng-ala-kopi-klotok
Es pisang hijau,,"[""Masukkan semua tepung, adon tambahkan gula, garam, aduk hingga bahan tercampur rata"", ""Tuang santan,air pandan kedalam adonan tepung tadi, aduk lagi hingga rata. Saring adonan agar tidak ada grindilan tepung."","" Masak adonan tadi menggunakan api kecil sampai membentuk adonan yang kalis tidak lengket. Sisihkan, tunggu hingga adonan tidak panas"",""Ambil selembar plastik, olesi menggunakan sedikit minyak, ambil adonan secukupnya pipihkan, letakkan pisang diatasnya, kemudian gulung adonan sampai menutupi permukaan pisang, lakukan sampai habis"","" Kukus pisang ijo selama kurang lebih 20 menit."",""Angkat dan tunggu dingin potong potong pisang hijau dengan pisau yang sudah dioles minyak makan agar tak lengket""]","['10 buah pisang raja / lilit yang telah di kukus', '250 gram tepung beras', '250 gram tepung terigu', '500 gram gula pasir', '1200 ml santan kental', '200 ml air daun pandan yang sudah di parut dan di ambil airnya di campur oleh air matang secukupnya', '2 sendok teh pasta pandan', 'secukupnya Garam', '100 gram gula pasir']",https://cookpad.com/id/resep/17171787-es-pisang-hijau
Bolu Pisang Panggang (3 Telur),,"[""Lumatkan pisang."", ""Masukkan garam dan gula pasir, aduk hingga gula larut."", ""Masukkan telur,satu persatu. Lalu aduk hingga rata. Sisihkan"", ""Di wadah lain, campur terigu,BP dan soda kue."", ""Tuang adonan pisang secara bertahap dan aduk hingga rata"", ""Masukkan margarin cair dan minyak goreng. Aduk perlahan dan ratakan hingga tidak ada endapan minyak di dasar adonan."", ""Tuang ke loyang yang sudah di oles Carlo. Beri toping sesuai selera"", ""Panggang suhu 180 C, api atas bawah selama 45 menit. Lakukan tes tusuk, jika sudah matang keluarkan dari oven. Potong bolu saat suhu bolu sudah dingin.""]","['400 gr pisang, baiknya gunakan pisang sangat matang', '250 gr gula pasir','3 butir telur', '1/2 sdt garam', '250 gr terigu', '1/2 sdt BP', '1/2 sdt soda kue', '75 gr margarin cair', '50 gr minyak goreng']",https://cookpad.com/id/resep/17188224-bolu-pisang-panggang-3-telur
Bolu Pisang Kukus Takaran Sendok,,"[""Siapkan bahan. Oles loyang uk.18 dg minyak tipis. Panaskan kukusan"", ""Hancurkan pisang dg garpu.sisihkan, Kocok telur dan gula dg whisk hingga larut."", ""Masukkan pisang aduk rata, tambahkan tepung, baking powder dan soda kue sedikit demi sedikit aduk rata."", ""Masukkan minyak aduk rata, pastikan tdk ada yg mengendap dibawah"", ""Masukkan kedalam loyang hentakan perlahan"", ""Masukkan dalam kukusan yg beruap banyak, masak selama 30 mnt atau hingga matang. Keluarkan dari kukusan dan lepaskan dari cetakan""]","['4 bh pisang barangan (200 gr), '3 btr telur', '9 sdm gula pasir', '11 sdm tepung pro sedang', '11 sdm minyak', '1/2 sdt baking powder', '1/2 :sdt soda kue', 'Vanili']",https://cookpad.com/id/resep/17189446-bolu-pisang-kukus-takaran-sendok
Bolu panggang pisang bolin,,"[""Pecahahkan telur 2 btr, tambahkan SP"", ""Tambahkan gula"", ""Mixer bhan td dgn speed 4, sampai kental berjejak, aku mix 10 menit"", ""Matikan mixer, tambahkan terigu dan pisang marlin yg sudah di serut kedalam adonan, aduk dn spatula, tambahkan minyak"", ""Aduk rata, tuang ke loyang persegi panjang, hentakkan Agar rata, taburi dgn wijen atasnya,, masukkan ke oven yg sdh dipanaskan, oven 40 menit"", ""Cek berkala, jikq sudah matang, angkat, potong2, dan sajikan,..""]","['2 btr Telur', '1/2 sdm SP', '11 sdm Gula', '12 sdm Terigu', 'Pisang bolin 2 buah, serut pakai sendok', 'Minyak 50 ml', 'wijen utk taburan']",https://cookpad.com/id/resep/17189448-bolu-panggang-pisang-bolin
Pisang Uli Goreng,,"[""Dalam wadah masukkan bahan keringnya aduk rata.Tuang susu / air secara bertahap,aduk rata (jangan terlalu encer)"", ""Masukkan pisang yg sudah dipotong2,masukkan kedalam adonan."", ""Panaskan wajan yang sudah diberi minyak sayur yang sudah dipanaskan sebelumnya. balik dan tiriskan.Selamat menikmati.""]","['8 buah pisang uli matang, potong bulat sesuai selera', '3 sdm tepumg terigu sedang', '1 sdm maizena', 2 sdm gula pasir', '120-150 ml susu UHT (bisa gunakan air matang)', 'Sedikit Baking Powder', 'Sedikit garam']",https://cookpad.com/id/resep/17185383-pisang-uli-goreng
Kolak Pisang Uli dan kolang Kaling,,"[""Cuci bersih kolang kaling hingga tidak berlendir,lakukan berulang kali.Gunakan pisang yg sudah matang tapi masih segar dagingnya"", ""Rebus air + daun pandan hingga mendidih,lalu masukkan kolang kaling rebus hingga matang. Note : Saat perebusan kolang kaling,hindari gula / garam dimasukkan bersama agar proses pengempukan daging kolang kaling cepat empuk."", ""Setelah kolang kaling matang, masukkan gula pasir, gula merah, santan dan garam, aduk rata hingga mendidih,jangan sampai santan pecah."", ""Kupas pisang dan potong sesuai selera (sebaiknya pisang dikupas mendadak) dan masukkan kedalam santan yang sudah mendidih.Biarkan pisang terebus sebentar,,sambil koreksi rasa, matikan api kompor."", ""Kolak pisang uli dan Kolang Kaling siap dinikmati, cocok dihidangkan hangat / dingin""]","['8 buah pisang uli matang', '250 gr kolang kaling', '100 ml santan instan', '1 lbr daun pandan, di simpul', '1500 ml air (resep awla 1100ml)', '100 gr gula pasir (bisa sesuaikan manisnya)', '1 keping (100 gr) gula merah / Aren', '1/2 sdt garam']",https://cookpad.com/id/resep/17179111-kolak-pisang-uli-dan-kolang-kaling
Kue Bolu Pisang ala anak kos,,"[""Haluskan pisang di wadah menggunakan garpu/whisk jika punya. Kemudian di wadah lain kocok telur, masukkan gula dan garam terus kocok kembali"", ""Setelah tercampur rata masukkan tepung terigu dan soda kue, aduk-aduk sampai semua bahan tercampur rata. Masukkan pisang yang sudah dihaluskan tadi dan koreksi rasa."", ""Masukkan minyak goreng aduk lagi sampe agak sedikit kental. Olesi panci rice cooker dengan margarin tadi, tuang adonan tadi ke dalam panci."", ""Tekan tombol cook biarkan sampai tombol pindah ke warm. Cabut colokan biarkan lagi sampai 5 menit, kemudian masak lagi selama 2 menit. Ulangi hal yang sama sampai kue mateng, cook 2 menit off 5 menit. Setelah itu tusuk kue dengan tusuk gigi jika tidak lengket lagi tandanya kue sudah mateng."", ""Keluarkan kue, taruh dipiring potong lalu kue siap disajikan dan dimakan tentunya kuenya lembut.""]","['2 buah Pisang', '2 butir Telur', '3 sdm Gula pasir, bisa disesuaikan sampe dirasa cukup manis', '9 sdt Tepung Terigu', '3 sdm Minyak goreng', '1/2 sdm Soda kue', 'sejumput Garam', 'secukupnya Margarin buat olesan']",https://cookpad.com/id/resep/17189122-kue-bolu-pisang-ala-anak-kos
Kue Khamir Pisang,,"[""Rebus santan hingga berbuih (jngn lupa aduk2 agar tdk pecah) setelah hangat tuang ragi dan gula ke dalam santan. Pada wadah lain lumatkan pisang, lalu tambahkan telur aduk rata sambil masukkan tepung terigu dan santan bergantian, terakhir masukkan parutan kelapa dan margarin cair aduk kembali hingga rata. Tutup dgn serbet diamkan -/+1jam"", ""Panaskan cetakan, olesi tipis2 dengan margarin lalu tuang adonan dan tutup dengan tutup panci. Jika bagian atas sudah tidak basah/tampak lubang2 boleh balik adonan dan tutup kembali, biarkan hingga matang dan angkat. Ulangi hingga adonan habis"", ""Siap di hidangkan untuk sarapan bersama segelas teh tawar hangat. untuk cemilan mpasi pun bisa tinggal sesuaikan bahan dan gulanya saja. Selamat mencobaa :)""]","['2 buah pisang (sy pakai kepok)', '125 gr terigu', '1 butir telur', '100 ml santan', '50 gr gula pasir', '50 gr kelapa parut', '1/2 sdt ragi instan', '2 sdm margarine cai']",https://cookpad.com/id/resep/17188033-kue-khamir-pisang
Hamburg Steak Kulit Pisang,,"[""Cuci bersih kulit pisang di air mengalir helai per helai. Masukkan garam ke dalam baskom, beri air dan aduk garam hingga semuanya larut dan masukkan kulit pisang yang sudah dicuci tadi"", ""Panaskan panci kukusan. Masukkan kulit pisang dan kukus selama 30 menit."",""Setelah 30 menit, keluarkan kulit pisang dari panci kukusan lalu dinginkan. Setelah dingin, potong2 kulit pisang dan masukkan ke dalam chopper, giling tanpa air hingga kulit pisang hancur "", ""Campurkan semua bahan steak ke dalam baskom, aduk hingga semuanya rata. Bentuk bulatan pipih"", ""Panaskan oven di suhu 180Â°C dan panggang selama 20 menit.Balik hamburg di 10 menit pertama dan lanjutkan memanggang 10 menit lagi. Bila memakai teflon, pakai sedikit minyak saja gunakan api kecil dan balik hamburg setiap 4 menit. (me : grill pan)', ""Hamburg siap disajikan dengan saus dan pelengkapnya.""]","['100 gram kulit pisang yang sudah diolah', '100 gram ayam giling', '35 gr wortel parut', '3 keping malkis / 20 gr tepung roti', '30 gr keju parut', '50 gr bawang bombay, cincang kasar', '1 butir telur', '1/2 sdt garam', '1/4 sdt lada hitam kasar', 'Pelengkap : Buncis rebus, Kentang goreng, Wortel rebus, Saus jamur']",https://cookpad.com/id/resep/16928609-hamburg-steak-kulit-pisang
Sempol jamur dan kulit pisang,,"[""uci bersih jammur tiram, wortel, bawang, daun bawang dan seledri, kemudian chopeer, Pada tahap ini bisa tambahkan kulit pisang sekaligus ya"", ""Tambahkan tepung tapioka, terigu dan maizena, kemudian bumbu-bumbu yang lain, aduk rata"", ""Tambahkan telur, aduk rata lagi,Olesi tangan dengan minyak lalu Ambil 1 sdm adonan dan kepalkan"", "" Didihkan air, beri sedikit minyak, lalu cemplungkan adonan sempol tadi, biarkan mengapung beberapa menit, lalu tiriskan dan dinginkan"", ""Kocok 1 butir telur, tambahkan sedikit garam, masukkan sempol yang sudah direbus tadi"", ""Goreng hingga matang""]","['50 gr kulit pisang siap olah', '142 gr jamur tiram', '2 buah wortel ukuran kecil', '1 batang daun bawang', '1 batang seledri', '4 siung bawang merah', '4 siung bawang putih', '100 gr tepung sagu (me:tapioka)', '50 gr maizena', '50 gr terigu', '1 butir telur', '1 sdt kaldu jamur', '1 sdt garam', '1/2 sdt garam', 'Minyak goreng', 'Secukupnya air+1 sdm minyak utk merebus sempol', 'Bahan pelapis :1 butir telur, Tepung panir (optional)']",https://cookpad.com/id/resep/17014762-sempol-jamur-dan-kulit-pisang
Kulit pisang siap olah,,"[""Cuci perlembar kulit pisang, lalu rendam dengan air garam selama kurang lebih 2 jam, Bilas dengan air mengalir lalu tiriskan"", ""Panaskan kukusan, lalu kukus kulit pisang selama 30 menit, Setelah 30 menit, matikan api, biarkan dingin"", ""Potong sekitar 3cm lalu blender/chopper sampai halus"",""Bisa langsung digunakan untuk memasak atau disimpan dulu di freezer,""]","['10 buah kulit pisang(saya pakai pisang ijo)', '1 sdm garam', '1,5 liter air']",https://cookpad.com/id/resep/17010579-kulit-pisang-siap-olah
Sempol Ayam Kulit Pisang,,"[""Masukkan ayam, wortel, daun bawang, sledri, bawang merah, bawang putih dan telur ke dalam chopper, haluskan. Masukkan kulit pisang siap olah, haluskan kembali."", ""Campur adonan dengan tepung sagu, maizena dan tepung terigu. Tambahkan garam, kaldu jamur dan lada bubuk. Aduk hingga merata."", ""Siapkan stick ice cream. Ambil 1 sdm adonan, bentuk adonan pada stik ice cream (olesi telapak tangan dengan minyak, agar adonan tidak melengket). Lakukan sampai adonan habis."",""Didihkan air dan 1 sdm minyak goreng. Rebus sempol hingga mengapung, pertanda sempol telah matang. Kemudian angkat dan tiriskan. jika ingin dijadikan frozen food, sempol dapat dikemas dalam wadah kedap udara dan disimpan dalam freezer untuk dapat diolah sewaktu-waktu;"", ""Kocok 1 butir telur. Celup sempol di kocokan telur, kemudian goreng di minyak panas hingga matang. Sempol ayam siap dinikmati, bisa dicocol juga di sambal.Selamat mencoba yaa""]","['50 gr kulit pisang siap olah', '100 gr daging ayam', '1 bh wortel', '1 btg daun bawang', '1 btg sledri', '4 bh bawang merah', '4 siung bawang putih', '80 gr tepung sagu', '30 gr maizena', '30 gr terigu', '1 btr telur', '1/2 sdt kaldu jamur', '1/2 sdt garam', '1/4 sdt lada bubuk', 'Secukupnya minyak goreng', 'Secukupnya air + 1 sdm minyak goreng untuk merebus sempol', 'Bahan pelapis :1 butir telur, Secukupnya tepung panir']",https://cookpad.com/id/resep/16939323-357-sempol-ayam-kulit-pisang
"Pizza Topping Kulit Pisang dan Jamur, Sosis #64",,"['Membuat Dough :', ""Campur tepung terigu, gula pasir, ragi instan dan air tuang sedikit demi sedikit mixer hingga setengah kalis."", ""Tambahkan minyak dan garam aduk sampai rata, tidak lengket di tangan."", "" Diamkan selama 1 jam tutup dengan serbet bersih"","""" 'Cuci bersih Jamur kancing, potong-potong sesuai selera., 'Potong Bawang bombay', 'Keluarkan pisang siap olah dalam kulkas', 'Panaskan wajan tambahkan minyak goreng, oseng daun bawang sampai harum, tambahkan jamur kancing dan kulit pisang siap olah aduk rata hingga layu, matikan Api. Sisihkan', 'Setelah adonan dough didiamkan selama 1 jam', ""Kempeskan adonan, dengan cara dipukul2"", ""Timbang Â± 35 - 40 gr bulatkan, kemudian pipihkan dg rolling pin, lakukan sampai habis"", ""Tusuk-tusuk dengan garpu"", 'panaskan oven terlebih dahulu di suhu 180Â°C api atas bawah selama 10-15 menit (sesuaikan oven masing-masing), 'oles adonan dough dengan saos barbeque atau saos tomat, tambahkan kulit pisang yg sudah diolah dg jamur dan bawang bombay. Tambahkan sosis', 'Tambahkan keju melt/Cheddar parut, terakhir tabur oregano dan oven selama 20-25 menit (tergantung oven masing-masing)', 'setelah Matang keluarkan dari Oven, sajikan, Selamat mencoba ']","['Bahan Dough', '350 gr Tepung Pro Tinggi (me : 200 Pro Tinggi + 150 Pro sedang) Pro Tinggi pas Habis', '225 air (me : air matang)', '1,5 sdt ragi instan', '3 sdm Gula Pasir (50 gr)', '2 sdm olive oil (me : minyak goreng biasa)', '1/2 sdt Garam (me : Himsalt)']
['Bahan Tumisan Jamur', '70 gr jamur Kancing (resep asli : 100 gr)', '80 gr kulit pisang siap olah (resep asli : 50 gr)', '1 buah bawang bombay', '1 sdm olive oil (me : minyak goreng)']
['Bahan Topping :', '4 buah sosis', 'Secukupnya saos barbeque (resep asli saos tomat)', 'Secukupnya Mayones', 'Secukupnya oregano', 'Secukupnya keju Melt (me : keju Cheddar Kraff)']",https://cookpad.com/id/resep/16935058-pizza-topping-kulit-pisang-dan-jamur-sosis-64
Brownies Selai Kulit Pisang(Gluten Free),,"[""Lelehkan cokelat"", ""campur dan ayak bahan B"", ""siapkan semua bahan"", ""Campur telur dan gula palm,aduk dengan whisker hingga rata"", ""Masukkan bahan A,aduk rata. Lalu tuang bahan B aduk rata kembali"", ""Setelah semua adonan rata, segera tuang ke dalam loyang uk 20x20 cm (me: loyang uk 22x10, hentakan beberapa kali agar gelembung udara hilang."", ""Pasang sekat loyang jika pakai loyang sekat dan Tambahkan toping sesuai selera."", "" Diamkan beberapa menit sambil oven dipanaskan terlebih dahulu pada suhu 200 derajat celcius selama 5 menit."", ""Panggang adonan dengan suhu 180 derajat celcius api atas bawah 40-45 menit/ hingga matang sesuaikan dengan oven masingÂ² "", ""Angkat dan dinginkan di colling rack. Brownies Selai kulit Pisang siap dinikmati.""]","['Bahan A lelehkan', '150 gr DCC', '3 sdm CCO/VCO/minyak goreng']
['Bahan B campur dan ayak', '100 gr tepung mocaf', '1/2 sdt garam', '1/2 sdt vanili bubuk', '1/4 sdt baking powder (boleh skip)', '300 gr selai kulit pisang']
['Bahan C', '75 gr brown sugar/gula palm', '2 butir telur']
['Bahan D Topping', 'Cokelat Milo', 'cokelat stik', 'kacang Mede']",https://cookpad.com/id/resep/16932762-brownies-selai-kulit-pisanggluten-free
Selai Kulit Pisang,,"[""Larutkan garam ke dalam 450 ml air, rendam selama 2 jam kulit pisang yg alsusah dicuci bersih.Setelah itu bilas diair mengalir utk menghilangkan sisa garam.Kemudian blender dengan pisang, gula pasir dan 50 ml air sisa."", ""Tuang adonan ke panci, tambahkan susu bubuk, sisa adonan di blender dpt diaduk dg sedikit air."", ""Tambahkan juga vanila dan coklat bubuk"", ""Aduk rata. Koreksi rasa. Masak sampai meletup2, matikan api dan tambahkan margarine. Aduk rata."", ""Angkat dan dinginkan sebelum disimpan dalam toples kedap udara""]","['125 gr kulit pisang ambon', '1 sdm garam', '600 ml air', '2 buah pisang raja masak', '250 ml air', '25 gr gula pasir', '1 sdm susu bubuk', '1 sdt vanila', '20 gr coklat bubuk', '1 sdm margarine']",https://cookpad.com/id/resep/16930998-131-selai-kulit-pisang
Bolu Kukus Coklat Kulit Pisang,,"[""Siapkan kulit pisang. Keruk bagian putihnya menggunakan sendok. Rendam di air garam selama 3 jam."", ""Cuci bersih kulit pisang yang sudah direndam. Kukus 30 menit. Biarkan hingga dingin."", ""Jika sudah dingin, haluskan kulit pisang. Bisa diulek, diblender atau menggunakan Chopper. Kulit pisang siap digunakan."", ""Bolu :Mixer hingga mengembang dan stiff peak telur, gula pasir dan SP dengan speed tinggi. Takaran gula boleh ditambah sedikit jika suka manis."", ""Masukkan kulit pisang. Mixer asal rata dengan speed rendah."", ""Tambahkan campuran tepung secara bertahap, mixer dengan kecepatan rendah atau gunakan spatula.Tuang margarin, aduk balik hingga rata."", ""Tuang ke cetakan 22x10 yang dialasi baking paper.Kukus dengan api besar selama 40 menit. Punya saya dengan api besar mekar atasnya mungkin next coba pakai api kecil.""]","['250 gram kulit pisang kepok (7 buah kulit)', '1 sdm garam', '1 liter air', '2 butir telur uk. besar (asli 3 butir)', '115 gula pasir (asli 100 gram gula kelapa halus)', '1/2 sdt SP', '100 gram kulit pisang kukus siap pakai', '150 gram tepung pro rendah', '3 sdt coklat bubuk', '1 sdm susu bubuk', '200 gram margarin, lelehkan']",https://cookpad.com/id/resep/16928458-bolu-kukus-coklat-kulit-pisang
Muffin (Selai Kulit Pisang & Pisang),,"[""Dalam mangkok, campur: selai kulit pisang & pisang. Haluskan"", ""Tambahkan gula pasir & margarin yang sudah dilelehkan. Aduk rata. Tambahkan minyak sayur & aduk balik."", ""Masukkan tepung terigu, baking soda, & garam. Aduk rata. Note: di resep asli pakai coklat bubuk, disini aku skip."", ""Tambahkan Chocochips & aduk."", ""Masukkan adonan dalam cup."", ""Panaskan oven. Panggang selama 30 menit (sesuaikan oven masing2) dalam suhu 180â°C menggunakan api atas bawah."", ""Muffin pisang (perpaduan selai kulit pisang & pisang) siap disajikan. Selamat menikmati.""]","['150 gram selai kulit pisang', '150 gram pisang (1 pisang Ambon & 2 pisang kepok)', '100 gram gula pasir', '70 gram margarin lelehkan (resep asli 85 gram)', '50 ml minyak sayur', '170 gram tepung terigu (resep asli 160 gram)', '3/4 sdt baking soda (resep asli 2 sdt baking powder)', '1/2 sdt garam', '50 gram Chocochips]",https://cookpad.com/id/resep/16930132-muffin-selai-kulit-pisang-pisang
Bakwan Sayur Kulit Pisang,,"[""Siapkan semua bahan. Potong2 wortel, kol sesuai selera, cuci bersih juga tauge di air mengalir, tiriskan. Sisir halus daun bawang dan seledri. Siapkan bumbu halus, ulek hingga halus. Sisihkan."", ""Siapkan tepung untuk bakwan diwadah, beri air, aduk. Tambahan kaldu jamur, aduk rata, masukkan sayuran, aduk rata dan koreksi rasa. Goreng diapi sedang hingga kuning keemasan. Bila sudah matang, angkat. Tiriskan dari minyak."", ""Sambil menunggu gorengan matang siapkan sambal kacangnya. Tata dipiring saji bakwannya dan sambal kacangnya. Siap disantap.""]","['1 batang wortel', '50 gr touge', '70 gr kol', '1 batang daun bawang', '1 batang daun seledri', '1/2 sdt kaldu jamur', '5 sdm kulit pisang siap pakai', '10 sdm tepung untuk bakwan Sasa', '50 ml air matang', 'Secukupnya minyak untuk menggoreng', 'Bumbu Halus', '3 siung bawang putih', '1/2 sdt lada', '1/2 sdt garam', '1 buah cabe merah (optional)', '1 buah rawit (optional)', 'Pelengkap: Sambal kacang']",https://cookpad.com/id/resep/13852132-bakwan-sayur-kulit-pisang
Katsu Kulit Pisang,,"[""Masukkan semua bahan katsu dalam chopper, proses hingga halus. Ambil secukupnya adonan, letakkan di tepung roti, balur rata, angkat pakai spatula soalnya susah kalau pakai tangan."", ""Goreng segera dalam minyak panas, hingga kecoklatan, angkat dan tiriskan. Campur dalam wadah, saos sambal, saos tomat, kecap manis, kecap asin dan air, aduk rata. Tumis bawang putih hingga layu, masukkan bawang bombay, tumis hingga wangi."", ""Masukkan wortel,aduk hingga wortel layu, lalu masukkan campuran saos, beri gula, garam dan kaldu bubuk, terakhir tuang larutan maizena, aduk dan masak hingga mengental, cek rasa. Sajikan katsu dengan saos nya.""]","['100 gram kulit pisang siap olah', ' 75 gram tepung terigu', '40 gram tepung maizena', '2 butir telur', '1 buah bawang bombay ukuran kecil', '1/4 sdt garam', '1/2 sdt kaldu bubuk', '1/4 sdt lada bubuk', 'Tepung roti secukupnya untuk lapisan']
['Bahan saos :', '1/2 buah bawang bombay, iris', '2 siung bawang putih, iris', '1 buah wortel, potong dadu', '1 sdm saos tomat', '2 sdm saos sambal', '2 sdm kecap manis', '1 sdt kecap asin', '150 ml air', 'Secukupnya gula, garam dan kaldu bubuk', '1 sdt tepung maizena, larutkan', 'Secukupnya minyak untuk menumis']",https://cookpad.com/id/resep/16929167-katsu-kulit-pisang
Es Krim Kulit Pisang,,"[""Cuci bersih kulit pisang, buang bagian ujung yang hitam dan kering. Rebus dengan air dan garam selama 15 menit. Lalu potong-potong."", ""Haluskan kulit pisang yang sudah dipotong-potong dengan sebagian susu cair. Lalu saring ke panci."", ""Dalam panci, tambahkan sisa susu cair, SKM dan gula pasir. Masak dengan api kecil sampai mendidih. Lalu tambahkan tepung maezena yang sudah dilarutkan dengan sedikit air. Masak sampai mengental."", ""Dinginkan adonan di panci, lalu sisihkan ke tempat lain. Simpan di freezer minimal 6 jam atau sampai beku. *Note: resep aslinya setelah beku, eskrimnya dikeruk semua, lalu ditambah dengan sp cair, kemudian mixer sampai tercampur. Masukkan lagi ke kulkas selama 4 jam. Sy tidak tambahkan sp lagi, hasilnya jg sudah lembut."", ""Eskrim kulit pisang siap disantap bersama keluarga.""]","['Kulit pisang dari 3 buah pisang ambon', '500 ml susu cair', '100 ml SKM putih', '10 sdm gula pasir', '3/4 sdt garam', '2 sdt vanilla essence (skip)', '6 sdm tepung maezena', '2 sdt sp (skip)']",https://cookpad.com/id/resep/16929357-es-krim-kulit-pisang
Keripik Belut Vegan (dari kulit pisang),,"[""Kerok bagian dalam pisang yg berwarna putih sampai habis (tersisa hanya kulit luarnya saja dan kulit mjd agak tipis)..lakukan sampai kulit habis dan sisihkan."", ""Cuci bersih kulit sambil dihilangkan sisa bagian putihnya yg msh menempel...lalu rendam selama 30 menit"", ""Sementara merendam kulit pisang, campur semua bahan kering dalam wadah...uleg bumbu halus..campur bumbu halus ke dalam wadah bahan kering.. tambahkan air..aduk rata, test rasa"", ""Potong memanjang kulit pisang..masukkan ke adonan tepung..goreng dalam minyak panas sampai garing."", ""Keripik belut vegan a.k.a keripik kulit pisang siap dinikmati""]","['Bahan utama :', '7 lembar kulit pisang (dari 7 buah pisang kepok ukuran besar)', 'Secukupnya minyak untuk menggoreng keripik']
['Bumbu halus :', '2 siung bawang putih', '1/2 sdt ketumbar (me: ketumbar bubuk)']
['Bumbu tepung baluran :', '100 gr tepung beras', '1 sdm tepung tapioka', 'Secukupnya garam', 'Secukupnya air']",https://cookpad.com/id/resep/16927832-keripik-belut-vegan-dari-kulit-pisang
Steak Kembang Kol bumbu tomat cocok untuk diet,,"[""Belah 1/3 kembang kol. Lalu belah lagi. Bentuk menjadi steak datar, rendam dengan air."", ""Panggang kembang kol dengan olive oil hingga kecoklatan di dua belah sisi."", ""Masukkan tomat dan cabai. Tambah garam dan merica. Tumis sebentar. Tambahkan air kaldu. Tutup frypan."", ""Masak hingga kembang kol empuk. Masukkan seledri. Aduk rata, dan biarkan hingga air nyaris habis."", ""Sajikan selagi hangat.""]","['1/2 kembang kol (diambil yang bagian tengah)', 'secukupnya Air garam', '10 buah tomat ceri (bisa diganti 1 buah tomat biasa)', '3 tangkai seledri', '3 buah cabai rawit merah (opsional)', '3 sdm olive oil', '50 ml air kaldu', 'secukupnya Garam dan merica']",https://cookpad.com/id/resep/17189987-steak-kembang-kol-bumbu-tomat-cocok-untuk-diet
Sambel Kulit Jeruk,,"[""Bersihkan kulit jeruk, buang lapisan putihnya, cuci bersih, lalu iris-iris."", ""Ulek Cabai, bawang putih, garam dan kaldu jamur. Masukkan kulit jeruk sambil sedikit ditekan-tekan dengan ulekan."", ""Siram dengan minyak panas,Sajikan.""]","['1 buah jeruk Sunkist, ambil kulitnya', '7 buah cabe rawit merah,resep aslinya enam buah', '1/2 sdt garam', '1/4 sdt kaldu jamur', '1/4 sdt gula pasir (skip)', '2 sdm minyak panas']",https://cookpad.com/id/resep/17165119-188-sambel-kulit-jeruk
Permen kulit jeruk,,"[""Bersihkan kulit jeruk dari bagian putih- putihny unt mengurangi rasa pahit"", ""Siapkan air dan beri garam aduk rata kemudian masukan kulit jeruk cuci bersih"", ""Masak air dan beri 1 sdm gula pasir, 1/4 sdt garam sampai mendidih, masukan kulit jeruk aduk- aduk biarkan kurang lebih 5 menit lalu tiriskan"", ""Potong- potong kulit jeruk sesuai selera kalau aku seperti korek api tapi agak lebar"", ""Rebus 6 sdm gula pasir dg 6 sdm air aduk- aduk, pakai api kecil, tunggu sampai mengental dan airnya berkurang, setelah itu masukan kulit jeruk aduk- aduk"", ""Setelah melekat matikan kompor siapkan gula pasir untuk taburan, ambil satu- satu letakkan diatas gula pasir lalu gulikan"", ""Letakan diatas tempat biarka pada suhu ruang, setelah kering masukan toples""]","['Kulit jeruk dari 2 buah jeruk', '6 sdm gula pasir untuk karamel', '1 sdt garam untuk mencuci', '1 sdm gula untuk merebus', '100 gr gula untuk taburan']",https://cookpad.com/id/resep/17062938-permen-kulit-jeruk
Teh Kulit Jeruk,,"[""Kulit jeruk dikerok bagian putihnya. Rendam kulit jeruk dengan cuka beras dan air supaya sisa pestisida hilang. Setelah 10 menit direndam, dibilas hingga bersih, tiriskan."", ""Kulit jeruk diparut."", ""Masukan teh, cengkeh dan kayu manis bubuk. Gelas ditutup pakai plastic wrap, biarkan minimal 1 jam di suhu ruang."", ""Setelah 1 jam, masak bersama dengan air sampai mendidih."", ""Setelah mendidih, angkat dan disaring. Beri madu sesuai selera. Dinikmati hangat-hangat nikmat sekali, tenggorokan jadi lebih lega.""]","['3 buah jeruk murcot diambil kulitnya', '1 sdm teh tubruk', '6 butir cengkeh', '1/2 sdt kayu manis bubuk', '500 ml air', 'Cuka beras / cuka apel ']",https://cookpad.com/id/resep/16931656-teh-kulit-jeruk
Symple Syrup Orange (Pakai Kulit Jeruk),,"[""Bersihkan bagian putih kulit jeruk menggunakan sendok pengerok daging kelapa muda. Saya kerok tidak terlalu bersih."", ""Kulit jeruk diiris tipis, lalu diberi garam kasar Â½ sdt, tujuannya supaya sisa pestisida di kulit jeruk hilang. Beri air sampai kulit jeruk terendam, rendam selama 5 menit lalu cuci sampai bersih."", ""Masukan kulit jeruk, air dan gula ke dalam panci. Masak hingga kental. Symple syrup orange bisa langsung dinikmati. Bisa dijadikan campuran berbagai minuman.""]","['4 buah jeruk diambil kulitnya', '250 ml gula pasir', '250 ml air', '1/2 sdt garam kasar (tambahan saya)']",https://cookpad.com/id/resep/16931288-symple-syrup-orange-pakai-kulit-jeruk
Manisan Kulit Jeruk,,"[""Jeruk Sunkist diperas, lalu kulitnya direbus. Air perasannya disisihkan."", ""Setelah kulit agak lunak, tiriskan. Setelah agak dingin, buang bagian putihnya, lalu iris2 tipis."", ""Masukkan irisan jeruk ke panci, beri air perasan jeruk dan gula. Masak hingga mengental. Aduk-aduk terus supaya tdk gosong."", ""Angkat jika airnya sudah mengering. Pi Dahlan ke piring, lalu diangin-angin sebentar. Setelah tidak panas, taburkan gula pasir."", ""Pindahkan ke dalam wadah tertutup supaya ga dikerubuti semut. Manisan bisa dicemilin begitu saja, bisa dijadikan topping minuma""]","['1 buah jeruk Sunkist', '3 sdm gula']",https://cookpad.com/id/resep/16930221-manisan-kulit-jeruk
Es Kopi Kulit Jeruk,,"[""Parut kulit jeruk, atau bisa iris tipis. Jangan sampai bagian yg putih kena ya. Nanti akan pahit"", ""Parut kulit jeruk, atau bisa iris tipis. Jangan sampai bagian yg putih kena ya. Nanti akan pahit"", ""Tuang ke gelas saji, tambahan susu cair aduk rata"", ""Masukkan es batu dan sajikan""]","['2 sdt kopi', '3 SDM gula palm', '1 SDM parutan kulit jeruk', '5 bh cengkeh', '3 cm kayu manis', '200 ml air', '100 ml susu cair', 'secukupnya Es batu']",https://cookpad.com/id/resep/16799340-es-kopi-kulit-jeruk
Es Jeruk Sunkist Telang,,"[""Belah jeruk sunkist, kemudian peras ambil airnya"", ""Seduh bunga telang dengan air panas. Bisa juga didihkan air dengan bunga telang hingga berubah warna (warnanya akan lebih pekat)"", ""Letakkan di gelas, beri gula pasir. Aduk hingga gula larut"",""Masukkan es batu ke gelas"", ""Masukkan sari buah jeruk sunkist"", ""Sajikan, jangan lupa diaduk. Selamat mencoba""]","['1 buah jeruk sunkist', '15 buah bunga telang kering', '200 ml air panas', '2-3 sdm gula pasir (sesuai selera)', 'secukupnya Es batu']",https://cookpad.com/id/resep/17099279-es-jeruk-sunkist-telang
Dadar Gulung Bunga Telang Vla Jeruk,,"[""Dalam satu wadah, campur semua bahan, aduk menggunakan whisk hingga benar-benar tercampur rata."", ""Diamkan selama 30 menit. Setelah 30 menit, panaskan pan di atas api kecil-sedang hingga panas, tuang satu centong adonan, putar pan dan ratakan. Biarkan hingga matang (bagian pinggir kulit akan terlepas). Taruh dadar di piring, lakukan hingga selesai."", ""Setelah selesai, ambil satu lembar dadar, isi dengan isian, lipat seperti amplop."", ""Lakukan hingga selesai. Dadar Gulung Bunga Telang Vla Jeruk siap disajikan dan dinikmati. Atau bisa juga disimpan terlebih dahulu di kulkas, karena dalam keadaan dingin lebih nikmat.""]","['95 gr tepung terigu protein sedang', '15 gr susu bubuk', '20 gr gula', '2 butir telur', '1/2 sdt vanilla ekstrak', '2 sdm margarine leleh', '220 ml air seduhan bunga telang (20-30 bunga telang diseduh 220 ml air mendidih, aduk-aduk, biarkan hingga air berubah warna menjadi biru)']",https://cookpad.com/id/resep/17185273-dadar-gulung-bunga-telang-vla-jeruk
Rujak Serut Jeruk Bali,,"[""Haluskan cabai, campurkan semua bahan kecuali jeruk. Masak hingga mendidih. Sisihkan hingga dingin."", ""Pipil buliran jeruk Bali"", ""Tuang bumbu rujak yang sudah dingin ke dalam wadah jeruk pipilnya, aduk rata. Masukkan kulkas 30 menit, hingga dingin."", ""Makanan siap disajikan""]","['1 buah Jeruk Bali', '8 buah Cabai Merah, kalau suka pedas bisa ditambahkan cabai rawit', '1/2 sdt Terasi bakar', '1 sdt Garam', '1 sdt Asam Jawa, larutkan dengan air, ambil airnya saja', '1 1/2 Gula Merah (saya cuma pakai segitu aja adanya)', '1 gelas Air']",https://cookpad.com/id/resep/17179078-rujak-serut-jeruk-bali
Pudding Jeruk Sunkist,,"[""Siapkan semua bahan bahan. Potong jeruk menjadi 2 bagian, Ambil isinya menggunakan pisau perlahan. Peras air jeruk lalu sisihkan ke dalam panci."", ""Tata buah naga dan buah melon didalam kulit jeruk. Masukan agar agar, gula pasir dan air ke dalam panci berisi perasan air jeruk. Aduk hingga larut, lalu masak di api sedang hingga meletup letup."", ""Setelah uap panas menghilang,Tuang agar agar ke dalam kulit jeruk, diamkan agar pudding set. (Pudding jeruknya saya letakkan di loyang muffin bulat bulat, agar tidak miring miring atau tumpah) Sisa jely bisa dituang ke dalam cetakan pudding yang lainnya."", ""Pudding Jeruk Sunkist favorit bocil, biasanya di isi dgn strawberry kebetulan strawberry lagi habis, diganti dgn buah naga dan buah melon juga nikmat,""]","['4 Buah Jeruk sunkist', 'Secukupnya buah naga (kerok bulat)', 'Secukupnya buah melon (kerok bulat)', '500 ml air', '1 bungkus agar agar plain', '8 sdm gula pasir']",https://cookpad.com/id/resep/17165139-pudding-jeruk-sunkist
Bubur Mutiara Rasa Jeruk,,"[""Pisahkan sagu mutiara, ambil yang warna putih saja. Didihkan air lalu rebus menggunakan metode 5-30-7"", ""Masukkan nutrisari dan gula pasir, aduk rata. Sisihkan."", ""Kuah: rebus air bersama daun pandan dan garam sampai mendidih. Angkat."", ""Sajikan bubur mutiara dengan siraman kuah santan.""]","['100 gram sagu mutiara', '1 liter air untuk merebus', '200 ml Perasan Jeruk', '3 sdm gula', '1 saset kara', '1 lmbr daun pandan', '1 gelas air', 'Sejumput garam']",https://cookpad.com/id/resep/17164222-bubur-mutiara-rasa-jeruk
Permen Jelly Roll Oranye | Permen Jelly Rasa Jeruk,,"[""Campur semua bahan dalam panci. Aduk rata. Masak dengan api sedang sambil diaduk-aduk hingga mengental. Tanda mengental saat diaduk ke tengah bagian dasar panci terlihat dan muncul banyak gelembung."", ""Tuang jelly dalam cetakan/ loyang (me: pakai loyang uk.24 cm). Sisihkan. Tunggu hingga jelly dingin dan set."", ""Letakkan kertas di salah satu ujung loyang. Taburkan gula halus/ gula tepung di permukaan jelly. Ratakan."", ""Bagi dua jelly. Lalu gulung sampai ujung, Setelah itu, padatkan dengan plastik wrap. Simpan selama 2 jam dalam kulkas."", ""Setelah 2 jam, potong-potong jelly dengan ketebalan Â½ cm. Biar lebih kering dan tahan lama, jemur beberapa jam di bawah sinar matahari atau angin-anginkan di suhu ruang. Permen jelly simpan dalam wadah kedap udara. Selamat Mencoba""]","['1 bks (7 gr) agar-agar bubuk warna putih', '200 gr gula pasir', '200 ml air jeruk ', '3-4 tetes pewarna makanan warna oranye', 'Bahan Taburan :Gula tepung atau gula donat']",https://cookpad.com/id/resep/17149975-permen-jelly-roll-oranye-permen-jelly-rasa-jeruk
Timun infused water,,"[""Siapkan air diwadah tertutup, lalu beri beberapa irisan timun. Tutup wadah botol dan minum minimal 30 menit setelah dibuat. Kalau sudah (ataupun belum) abis airnya bisa ditambah ulang sampai seharian. Selamat mencoba, semoga bermanfaat ya.""]","['600 ml air', '1/2 bh timun']",https://cookpad.com/id/resep/17190235-timun-infused-water
Acar Kweni Timun Wortel,,"[""Kupas bahan, cuci bersih kemudian potong dadu buah atau sayurnya. Untuk Timun saya buang bijinya."",""Kupas Bawang merah dan kemudian Cuci bersama cabe. Potong kasar Bawang dan iris sebagian cabe."", ""Masukkan semua bahan, aduk gula, garam, dalam sedikit air hangat sampai larut. Tuang dalam wadah potongan buah, aduk rata, koreksi rasanya."", ""Sebelum diSajikan bisa simpan dalam kulkas agar lebih nikmat.""]","['1 bh Kweni jangan terlalu Matang', '1 bh Timun', '1 bh Wortel', '7 btr Bawang Merah iris Kasar', '20 Cabe Acar', '2 sdm Cuka Makan', '1 sdt Garam', '1 sdm Gula']",https://cookpad.com/id/resep/17160709-acar-kweni-timun-wortel
Telur Dadar Timun,,"[""Belah timun memanjang, lalu iris tipis."", ""Kocok telur menggunakan garpu bersama garam, lada dan kaldu bubuk. Masukkan irisan timun. Aduk rata."", ""Lalu goreng dalam minyak panas. Balik hingga kedua sisinya matang. Angkat dan tiriskan."", ""Siap disajikan""]","['2 butir telur ayam', '1 buah baby timun', '1/2 sdt garam halus', '1/2 sdt lada bubuk', '1/4 sdt kaldu bubuk', '3 sdm minyak goreng']",https://cookpad.com/id/resep/17189022-telur-dadar-timun
Bilungka Bakarik,,"[""Timun Belah dua memanjang, buang biji keruk isian daging buah nya."", ""Sangrai bawang merah dengan kulitnya. Setelah harum kupas kulitnya dn iris-iris."", ""Potong Cabe keriting"", ""Siap di sajikan hangat2 dengan ikan kering Papuyu""]","['2 Buah Timun', '5 siung Bawang Merah ', '3 Buah Cabe keriting', '3 sdm santan Kara', 'Garam, gula dan penyedap rasa', '200 ml air matang']",https://cookpad.com/id/resep/17187431-bilungka-bakarik
Lodeh Mentimun,,"[""Potong timun dan tempe belah dua cabe gembor tetapi jangan putus dengan tangkainya"", ""Haluskan duo bawang dan kemiri Geprek serai dan lengkuas satukan dengan bumbu halus bubuk dan daun salam"", ""Goreng bumbu yang sudah dihaluskan beserta dengan serai dan kawannya hingga matang masukkan cabe kembar"", ""Selanjutnya masukkan tempe aduk beri air biarkan mendidih taburi garam"", ""Jangan lupa masukkan bumbu kaldu, setelah tempe matang masukkan timun, beri santan instan aduk hingga mendidih kembali"", ""Koreksi rasa kemudian masukkan fiber creme ke dalamnya, matikan api dan hidangkan""]","['600 gr Timun', '350 gr Tempe', '1 batang serai', '1 ruas Lengkuas', '1 lembar Daun salam', '150 gr Cabe gembor', '6 Siung bawang merah', '5 Siung bawang putih', '4 butir Kemiri sangrai', '65 gr santan instan', '20 gr Fiber Creme', 'secukupnya Garam & bumbu kaldu', '400 gr air matang', 'secukupnya minyak']",https://cookpad.com/id/resep/17181655-lodeh-mentimun
Tumis Timun Baso Sapi,,"[""Siapkan timun, kupas, belah dua, buang bijinya lalu potong-potong. Cuci bersih, tiriskan dan sisihkan."", ""Panaskan minyak, tumis bawang putih hingga harum, masukkan baso sapi, aduk rata. Tambahkan seluruh Bahan Bumbu, aduk, masukkan timun lalu aduk kembali. Tambahkan air, aduk rata."",""Tambahkan pula gula, garam dan lada bubuk, aduk dan biarkan kuah menyusut, koreksi rasa. Jika dirasa sudah sesuai dan timun menjadi lunak (sesuai selera ya), masukkan potongan daun bawang, aduk sebentar lalu matikan api. Tumis Timun Baso Sapi siap dinikmati""]","['1 buah timun ukuran sedang', '8 butir baso sapi (iris tipis)', '1 batang daun bawang (potong-potong)', '2 siung bawang putih (geprek, cincang kasar)', '1 sdt gula pasir', '1/2 sdt lada bubuk', '1/4 sdt garam', '150 ml air', 'secukupnya minyak goreng', '1 sdm kecap manis', '1 sdm kecap ikan', '1.5 sdm kecap asin']",https://cookpad.com/id/resep/17183363-tumis-timun-baso-sapi
Salad timun-alpukat,,"[""Cuci, kupas dan serut timun, peras, dan letakkan di mangkuk"", ""Tambahkan olive oil, garam, merica, air jeruk, aduk rata"", ""Potong tipis alpukat, atur di piring bersama timun yang sudah berbumbu. Taburkan sedikit garam di atasnya untuk rasa dan agar warna tetap segar. Tambahkan tobiko (telur ikan terbang yang diawetkan) dan kemangi""]","['1 timun', '1 alpukat', '1 sdm olive oil', '1/2 sdt garam', '1 sdt air lemon/jeruk nipis', '1 sdm tomiko', '1/2 sdt merica bubuk']",https://cookpad.com/id/resep/17137683-salad-timun-alpukat
Acar timun wortel,,"[""Potong timun dsn wortel sesuai selera"", "" Campur semua bahan jadi satu sampai merata, simpan dlm wadah tertutup kemudian simpan di kulkas""]","['Timun 500 gr (ambil pinggirnya)', '50 gr Wortel', '10 cabe rawit hijau', '1 siung b.merah', '2 sdm Gula', '1/2 sdt Garam', '3 sdm Cuka']",https://cookpad.com/id/resep/17178395-acar-timun-wortel
Tumis timun telur,,"[""Potong"" timun sesuai selera"", ""Tumis b.putih cincang sampai harum, masukan telur kemudian orak arik."", ""Masukan timun, aduk"" beri sedikit air masuka seasoning. Masak sampai timun layu. Kemudian cek rasa""]","['2 buah timun', '2 butir telur ayam', '3 siung b.putih cincang', 'Garam, gula, merica, penyedap']",https://cookpad.com/id/resep/17177414-tumis-timun-telur
3T alias Tumis Timun mix Telur khas Bangka,,"[""Cuci bersih timun, lalu potong tipisÂ²."", ""Tuang sedikit minyak, masukan baput & cabe yg telah di iris tipis, terasi, tumis hingga harum dengan api kecil."", ""Masukan timun, masak hingga sedikit layu. Lalu tambahkan 250ml air & 3 butir telur, adukÂ² agar telur hancur & tercampur rata. Tambahkan penyedap, sejumput garam, masak hingga mendidih. Koreksi rasa."", ""Tingkat kematangan timun sesuai selera ya moms, karna aku suka nya yg masih krenyesÂ² kalau di kunyah, jadi begitu mendidih langsung aja matiin kompor.""]","['3 buah Timun', '4 siung Bawang putih', '10 butir cabe kampung/rawit', 'sesuai selera Terasi', 'sesuai selera Penyedap rasa', 'Sejumput garam', '3 butir Telur']",https://cookpad.com/id/resep/17176707-3t-alias-tumis-timun-mix-telur-khas-bangka
Es Timun Jeruk Nipis,,"[""Rebus sirup sampai gula larut dan dinginkan"", ""Mentimun diserut memanjang jeruk nipis diambil air nya, daun mint disiapkan (layu kelamaan di kulkas)"", ""Masukan dalam gelas semua bahan aduk rata.""]","['1 bh mentimun buang biji nya', '3 bh jeruk nipis peras air nya', '400 ml air dingin', '1 sdm biji selasih rendam denga sedikit air hangat', '100 ml air', '100-200 gr gula pasir', 'Es batu']",https://cookpad.com/id/resep/17173692-es-timun-jeruk-nipis
Trancam Timun dan Lamtoro,,"[""Uleg cabai, garam, terasi, kaldu bubuk dan kencur."", ""Tambahkan kelapa parut, campur rata. Cincang timun dan tambahkan di atas kelapa parut, aduk rata."", ""Tambahkan lamtoro dan daun kemangi. Aduk rata. Sajikan.""]","['1 buah timun ukuran besar', '50 g lamtoro', '1 genggam daun kemangi', '20 g kelapa parut', '1 ruas kencur', '1/2 sdt terasi', '1/4 sdt garam', '2 buah cabai rawit merah (sesuai selera)', '1/4 sdt kaldu bubuk']",https://cookpad.com/id/resep/17175121-trancam-timun-dan-lamtoro
Es Kuwut Timun Jelly ,,"[""Serut timun Potong2 jelly. Masukkan bahan diatas dlm botol."", ""Dalam panci masukkan air,gula pasir selasih, sirup dan jeruk nipis. Aduk sampai gula larut."", ""Masukkan sirup dlm botol. Bisa masukkan kulkas dulu biar lebih mantap.""]","['7 liter Air matang', '1 botol sirup nikisari 625ml', '4 buah timun uk besar', '750 gr gula pasir', '5 buah jeruk nipis', '3 sdm selasih rendam air panas', '2 sch nutrijel melon UK kecil', 'Air secukupnya']",https://cookpad.com/id/resep/17167343-es-kuwut-timun-jelly-untuk-jualan
Sayur Bening Timun,,"[""Didihkan air, lalu masukkan kencur dan daun salam."", ""Setelah itu masukkan irisan bawang merah."", ""Masukkan irisan timun. Kemudian tambahkan garam dan gula pasir. Tes rasa menurut selera."", ""Masukkan irisan daun bawang dan seledri. Terakhir masukkan irisan tomat. Setelah itu angkat."", ""Taburi dengan bawang putih goreng (aku bawang goreng mix). Siap untuk disajikan.""]","['2 buah timun, potong sesuai selera', '1 batang daun bawang, iris', '1 batang seledri', '1/2 ruas jari kencur, geprek', '2 lembar daun salam', '3 siung bawang merah, iris', '1/2 buah tomat', '700 ml air', '1/3 sdt garam, menyesuaikan', '1 sdt gula pasir']",https://cookpad.com/id/resep/17172532-sayur-bening-timun
Timun wortel acar miso,,"[""Kupas wortel dan potong memanjang, potong timun dengan ukuran yang sama (buang bijinya) cuci, beri air lemon dan garam, diamkan 10 menit"", ""Larutkan miso dengan air hangat, tambah minyak wijen"", ""Campurkan larutan miso pada wortel dan timun, taburkan wijen sangrai. Hidangkan dingin""]","['1 wortel', '1 timun', '1 sdm miso', '1 sdt garam', '1 sdm air jeruk', '1 sdm wijen sangrai', '1 sdt minyak wijen', '2 sdm air hangat']",https://cookpad.com/id/resep/17162957-timun-wortel-acar-miso
Timun Telur Kuah,,"[""Kupas bawang putih, cuci, haluskan. (Aku pakai garlic press)"", ""Kupas Timun, cuci, buang bijinya, potong kotak."", ""Panaskan minyak, masukkan bawang putih, tumis hingga wangi."", ""Masukkan Timun, masak sebentar. Tambahkan air secukupnya dan masak hingga mendidih."", ""Masukkan telur, diamkan sebentar lalu aduk. Masak hingga telur matang, tambahkan kaldu bubuk. Jangan lupa di tes rasa, jika kurang asin bisa ditambahkan garam."", ""Sup Timun Telur siap disajikan. Jangan lupa berdoa sebelum masak Dan makan.""]","['1 butir telur', '1/3 Timun biasa/ 1 Timun baby', '1 siung bawang putih', 'Secukupnya air untuk kuah', 'Secukupnya kaldu bubuk Dan garam (opsional)']",https://cookpad.com/id/resep/17170960-timun-telur-kuah
Sayur Bening Timun Tauge,,"[""Siapkan bahan. Cuci timun bersama tauge. Potong Timun sesuai selera. Iris bumbu,sisihkan"", ""Rebus air,masukkan bumbu iris,daun salam. Setelah mendidih masukkan potongan timun, masak sekitar 7 menit. Tambahkan garam,lada bubuk,gulpas.aduk rata. Cek rasa. Matikan kompor"", ""Masukkan tauge. Aduk kembali. Biarkan beberapa saat. Pindahkan ke mangkok,beri taburan bawang goreng. Sajikan""]","['2 buah timun', '50 g tauge', '500 ml air', '1 sdt bawang goreng', '3 buah bamer', '1 buah baput', '2 buah cabe rawit', '1/2 sdt lada bubuk', '2 lbr daun salam', '1 sdt gulpas', '1/6 sdt garam']",https://cookpad.com/id/resep/17118546-sayur-bening-timun-tauge
Trancam Timun Ikan Asap,,"[""Kukus ikan, cabe, bawang putih dan terasi"", ""Setelah matang, ulek cabe bawang putih dan terasi dengan kencur, beri royco dan gula"", ""Masak santan dan air, aduk agar tidak pecah. Potong timun kecilÂ² dan ikan di suwir, masukkan bumbu dan kauh santannya. Aduk koreksi rasa selesai""]","['1 Buah Timun kecil', '1-2 tusuk ikan asap (bisa diganti pindang atau ikan lainnya)', '5 Buah Cabe rawit', '1 Butir Bawang putih', '1/2 Ruas jari Kencur', '1/2 Ruas jari terasi', 'secukupnya Gula', 'secukupnya Kaldu ayam/penyedap', '75 ml air', '20 ml santan instan']",https://cookpad.com/id/resep/17168154-trancam-timun-ikan-asap
Lotis Mentimun dan Bengkuang,,"[""Kupas dan potong potong mentimun dan bengkuang."", ""Siapkan bahan sambel lotis (cabe rawit, gula merah, asam jawa dan garam).Lalu uleg hingga halus. Tambahkan sedikit air, uleg kembali hingga larut."", ""Pindahkan sambel ke dalam wadah saji. Tata mentimun dan bengkuang. Lotis siap disajikan.""]","['2 buah mentimun', '1 buah bengkoang', '3 buah cabe rawit', '15 gram gula merah', '2 butir asam jawa', 'Seujung sendok garam']",https://cookpad.com/id/resep/17167280-lotis-mentimun-dan-bengkuang
Urap timun,,"[""Potong2 timun sesuai selera"", ""Bakar kelapa agar rasa lebih gurih lalu parut"", ""Setelah itu parut juga lombok kecil + bawang putih + kencur"", ""Setelah semua selesai diparut aduk jadi 1 bersama sambel embe + kaldu jamur+ garam + gula lalu beri perasaan jeruk lemo dan tes rasa"", ""Jika rasa sudah pas masukan timun lalu bejek dan aduk rata,urap timun pun siap dihidangkan selamat mencoba""]","['1 buah timun', '1/4 kelapa utuh (dibakar + diparut)', '1/2 buah kencur (diparut)', 'Sambel embe', '2 buah cabe rawit (opsional) diparut', '1/2 buah bawang putih (diparut)', '1/2 buah lemo', 'Kaldu jamur', 'Garam', 'Gula']",https://cookpad.com/id/resep/17167122-urap-timun
Balado Kentang & Hati Ayam,,"[""Potong kentang lalu goreng sampai kecoklatan, tiriskan. Untuk hati dan ampelanya direbus 30 menit lalu digoreng sebentar saja"", ""Tumis bumbu halus sampai harum lalu masukkan kentang, ampela & ati ayam"", ""Aduk rata lalu masukkan garam & Royco, terakhir masukkan santan, sebelum di angkat cicipi terlebih dahulu ya."", ""Sajikan dengan nasi hangat, ini enak banget loh.""]","['5 buah Hati ayam & ampela', '3 buah Kentang ukuran sedang', '1 buah Santan instan (me kara)', '7 siung Bawang Merah', '3 siung Bawang Putih', '10 buah Cabai Merah Keriting', '5 buah Cabai Rawit Merah', 'Secukupnya Garam & Royco', 'Secukupnya minyak untuk menumis']",https://cookpad.com/id/resep/17183709-balado-kentang-hati-ayam
Perkedel Kentang,,"[""Kupas kentang, potong dadu, lalu goreng dalam minyak goreng panas."", ""Iris bawang merah dan bawang putih, lalu goreng hingga layu."", ""Iris daun bawang"", ""Lumatkan kentang yang sudah digoreng, boleh diulek, atau chopper."", ""Masukkan bawang merah dan bawamg putih yang telah digoreng ke dalam adonan, tambahkan juga irisan daun bawang, lalu aduk."", ""Masukkan garam, kaldu jamur, dan merica, lalu aduk."", ""Tambakhan 1 butir telur ayam, lalu aduk hingga merata."", ""Kocok lepas 1 butir telur dalam wadah lebar yang cekung, boleh piring."", ""Bentuk adonan perkedel sesuai selera"", ""Celupkan setiap perkedel yang telah dibentuk ke dalam kocokkan telur."", ""Goreng perkedel yang telah berbalut telur dalam minyak panas. Masak hingga kekuningan."", ""Perkedel kentang siap dihidangkan.""]","['3 buah kentang ukuran sedang', '5 buah bawang merah ukuran sedang', '3 buah bawang putih', '1 sdt Merica bubuk', '2 tangkai daun bawang', '2 butir telur ayam', 'Garam', 'Kaldu jamur', 'Minyak goreng']",https://cookpad.com/id/resep/17189137-perkedel-kentang
Stik kentang crispy,,"[""Rebus kentang yang sudah dipotong kecil, saring dan haluskan"", ""Masukkan semua bahan, dan aduk/uleni rata"", ""Masukkan adonan kedalam pastik, rolling, potong kecil"", ""Goreng sampai golden brown.""]","['2 buah kentang', '5 sdm maizena', 'Garam, kaldu bubuk, lada bubuk', '1/2 sdt Minyak']",https://cookpad.com/id/resep/17180127-stik-kentang-crispy
Kentang Kriuk,,"[""Campurkan parutan kentang, lada, garam dan tepung tapioka sampai rata."", ""Ratakan di teflon anti lengket. Jangan dulu tuang minyak."", ""Panaskan dengan api sedang sampai bawahnya agak coklat, baru tuang sedikit minyak dipinggiran teflon agar tidak gosong."", ""Balik atasnya. Masak sampai matang merata (kecoklatan). Sajikan hangat."", ""Disajikannya hangat agar masih kriuk. kalo dah dingin rasanya kayak kue lumpur""]","['2 umbi kentang. parut. buang airnya', '1/2 sdt lada bubuk', '1/2 sdt garam', '2 sdm tepung tapioka', 'minyak untuk menggoreng']",https://cookpad.com/id/resep/17190152-kentang-kriuk
Kroket kentang isi ayam wortel,,"[""Kukus kentang lalu Haluskan"", ""Didihkan air masukkan tepung terigu,susu bubuk,garam,merica,dan kentang yang sudah dihaluskan"", ""Untuk isian,tumis bumbu, masukkan ayam dan wortel,masak sampai matang."", ""Lanjut bentuk kentang,bisa bulat atau lonjong,masukkan isian nya"", ""Setelah itu buat bahan untuk pencelup nya,terigu beri air,sedikit garam dan celupkan ke panir."", ""Goreng Kroket"" ]","['Kentang', 'Tepung terigu', 'Susu bubuk', 'Merica', 'Wortel', 'Ayam', 'Daun bawang', 'Seledri', 'Merica', 'Bawang merah', 'Bawang putih', 'Garam', 'Kaldu ayam bubuk', 'Bahan pencelup', 'Tepung terigu', 'Air secukupnya', 'Sedikit garam', 'Tepung panir']",https://cookpad.com/id/resep/17189127-kroket-kentang-isi-ayam-wortel
Mashed Potato With Tempe,,"[""Rebus kentang sampai matang, keringkan di air fryer dengan suhu 180 C selama 15 menit. Lalu haluskan"", ""Tambahkan sejumput garam, satu sendok makan keju, dan sejumput lada"", ""Bakar tempe bacem, lalu potong serong. Sajikan mashed Potato bersama sisa satu sendok makan keju parut, taburi oregano, dan beberapa iris tempe.""]","['1 bh kentang', '1 potong tempe bacem', '2 sdm keju parut', 'Sejumput lada', 'Sejumput garam', 'Sejumput oregano']",https://cookpad.com/id/resep/17153589-mashed-potato-with-tempe
Rendang Kentang Daging Giling ğŸ¥”ğŸŒ¶ğŸ¤,,"[""Goreng kentang hingga matang. Tiriskan, sisihkan"", ""Tumis bumbu kemudian tambahkan air, serai bubuk, daun jeruk bubuk, santan dan juga daging cincang. Masak hingga daging matang. Terakhir tambahkan kentang, aduk merata sampai air menyusut. Angkat, sajikan dengan nasi panas ""]","['500 gr baby potato, cuci bersih, belah 2
1 bungkus bumbu rendang instant *Bamboe
1/2 pouch santan instant *Kara segitiga
1/2 sdt daun jeruk bubuk
1/2 sdt serai bubuk
5 buah cabai merah keriting, cincang kasar
1 cangkir air']",https://cookpad.com/id/resep/17176567-rendang-kentang-daging-giling
"Sop bunga kol,kentang wortel dan kaki ayam",,"[""Siapkan bahan,cuci bersih lalu iris kecil kecil, Setelah itu rebus kaki ayam sampai empuk"", ""Buang air kaki ayam,lalu beri lagi air secukupnya dan didihkan,lalu masukkan wortel rebus sampai empuk,lalu masukkan bunga kol"", ""Masukkan daun bawang seledri dan tambahkan bumbu sop dan royco ayam aduk sampai rata cek rasa bila kurang asin tambahkan garam tunggu mendidih angkat"", ""Siapkan bahan bawang goreng untuk ditaburkan kedalam sayur sop"", ""Taburkan bawang goreng kedalam sayur sop,dan siap dinikmati""]","['500 gr Bunga kol
500 gr Kaki ayam
1 buah wortel
1 buah kentang
2 batang daun bawang
2 batang seledri
1 bungkus bumbu racik sop indofod
9 siung bawang merah
1 bungkus royco ayam
Secukupnya garam
Secukupnya minyak goreng']",https://cookpad.com/id/resep/16821061-sop-bunga-kolkentang-wortel-dan-kaki-ayam
Semur Tahu Kentang,,"[""PotongÂ² kentang dan tahu"", ""Haluskan bumbu kemudian tumis sampai harum. Masukan bumbu aromatik, lanjut tumis sampai daun salam layu, beri air dan masak hingga mendidih"", ""Haluskan bumbu kemudian tumis sampai harum. Masukan bumbu aromatik, lanjut tumis sampai daun salam layu, beri air dan masak hingga mendidih""]","['4 buah tahu (sy pakai tahu putih)
2 buah kentang
1 btg daun bawang (potongÂ²)
5 buah rawit (biarkan utuh)
2 sdm minyak (utk menumis)
600 ml air
Bumbu Halus:
5 butir Bawang merah
3 siung Bawang putih
2 butir kemiri sangrai
1/4 sdt Lada bubuk
1/4 sdt Ketumbar bubuk
1/8 sdt Pala bubuk
Bumbu Aromatik :
2 lembar daun salam
1 btg serai
1 ruas lengkuas
Bumbu Lain:
5 sdm Kecap manis
1/2 keping Gula merah
1 1/2 sdt Garam
1/2 sdt Kaldu jamur']",https://cookpad.com/id/resep/17186427-semur-tahu-kentang
Hashbrown ala kfc (nugget kentang serut),,"[""Kupas dan cuci bersih kentang. Lalu serut dengan serutan keju."", ""Cuci kentang di air es, remas remas dan peras. Sebanyak 2 kali. Untuk mengurangi kadar pati nya. Supaya saat direbus nanti airnya tidak kental."", ""Rebus kentang serut di api sedang, sampai setengah matang. Kentang mulai empuk, tapi tidak sampai hancur."", ""Angkat dan saring kentang, lalu peras dengan kain sampai benar benar tiris."", ""Masukkan telur, maizena dan bumbu bumbu lainnya ke dalam baskom, lalu masukkan kentang yang sudah tiris tadi. Aduk dan cetak kotak kotak atau oval."", ""Masukkan ke dalam kulkas selama 3 jam, supaya tidak ambyar saat di goreng. Tapi saya tidak sama masukkan kulkas, langsung saya goreng. Agak sedikit ambyar tapi gpp. Gorengnya di api kecil sampai golden crispy and delicious ya. Happy recook.""]","['500 gr Kentang
1 butir telur
2 sdm margarin
2 sdm maizena/tepung jagung
secukupnya Penyedap rasa
secukupnya Garam secukupnyamerica']",https://cookpad.com/id/resep/17186778-hashbrown-ala-kfc-nugget-kentang-serut
